2020-03-25 07:07:20,"b'RT @oromartv: #URGENTE | \xc3\x9altimo reporte de la Dir. de Gesti\xc3\xb3n de Riesgos, @alexocles, en torno al #COVID19 en #Ecuador\nCasos confirmados: 1\xe2\x80\xa6'"
2020-03-25 07:06:23,"b'RT @TAMARA_SUJU: #Brasil 1619 casos, +73 nuevos, 25 muertos\n#GuyanaFra 19 casos, +1 nuevo, 0 muertos\n#Suriname 5 casos, +0 nuevos, 0 muerto\xe2\x80\xa6'"
2020-03-25 07:06:14,"b'#CanalDeLaCiudad [#CORONAVIRUS EN #ECUADOR \xe2\x9c\x8b] ""No creo que la gente haya entendido la gravedad. Muchos siguen salie\xe2\x80\xa6 https://t.co/bHhjXNkxJc'"
2020-03-25 07:05:48,b'RT @KaTetmx: Especial atenci\xc3\xb3n en #California #Alaska #Canada #Chile #Peru y #Ecuador por favor compartan el video para que m\xc3\xa1s gente pueda\xe2\x80\xa6'
2020-03-25 07:05:44,b'#Covid19 | \xe2\x80\x9cSe apag\xc3\xb3 la mejor voz de Imbabura\xe2\x80\x9d. Un cantante es la primera v\xc3\xadctima del coronavirus en esta provincia\xe2\x80\xa6 https://t.co/lOMnzR3ghL'
2020-03-25 07:05:41,b'#ATENCI\xc3\x93N | Nuevos horarios de atenci\xc3\xb3n en supermercados en #Ecuador por toque de queda. Hay requisitos para poder\xe2\x80\xa6 https://t.co/TTG58qBFi6'
2020-03-25 07:05:38,"b'#Covid19 | \xe2\x80\x9cHemos logrado que el 75% de los ecuatorianos permanezca en sus hogares, pero esto no es suficiente. Nec\xe2\x80\xa6 https://t.co/ijx47eTmeu'"
2020-03-25 07:04:53,b'RT @Foxlider1A: Parece un cuadro para la pared pero es real as\xc3\xad est\xc3\xa1 Salinas #Ecuador. LIBRE DE CONTAMINACION\n#MedioAmbiente \xf0\x9f\x8c\x8f https://t.co\xe2\x80\xa6'
2020-03-25 07:04:16,b'RT @magnopark86: Sabes cuantas personas van a querer viajar cuando el #COVID19 pase? Si quieres tener tu propia agencia de viajes contactam\xe2\x80\xa6'
2020-03-25 07:01:55,b'RT @KaTetmx: Especial atenci\xc3\xb3n en #California #Alaska #Canada #Chile #Peru y #Ecuador por favor compartan el video para que m\xc3\xa1s gente pueda\xe2\x80\xa6'
2020-03-25 07:01:21,b'RT @CesarCoronelEc: A las 06:00 -hora de #Ecuador- un\xc3\xa1monos en oraci\xc3\xb3n al Santo Padre. https://t.co/ZX7mctuFzL'
2020-03-25 07:01:05,b'RT @Compruebalo_: El vicepresidente de #Ecuador @ottosonnenh asegur\xc3\xb3 p\xc3\xbablicamente que el gobierno asign\xc3\xb3 un presupuesto de emergencia para\xe2\x80\xa6'
2020-03-25 06:58:29,b'RT @eltiempocuenca: Los vuelos humanitarios para repatriar extranjeros de #Ecuador a pa\xc3\xadses de #Europa se desarrollan bajo las restriccione\xe2\x80\xa6'
2020-03-25 06:56:05,b'Sabes cuantas personas van a querer viajar cuando el #COVID19 pase? Si quieres tener tu propia agencia de viajes co\xe2\x80\xa6 https://t.co/qJ83VR9pRb'
2020-03-25 06:54:47,"b'RT @JorgePitaJr: #URGENTE | #Ecuador \nLos cient\xc3\xadficos de (NIAID). Junto a varias universidades de ese pa\xc3\xads (EE.UU), publicaron un estudio q\xe2\x80\xa6'"
2020-03-25 06:54:30,b'RT @lahoraecuador: Expertos en epidemiolog\xc3\xada y m\xc3\xa9dicos hacen un llamado a la calma y a continuar con las medidas contra el #Covid19. #Ecuad\xe2\x80\xa6'
2020-03-25 06:54:17,b'RT @KaTetmx: Especial atenci\xc3\xb3n en #California #Alaska #Canada #Chile #Peru y #Ecuador por favor compartan el video para que m\xc3\xa1s gente pueda\xe2\x80\xa6'
2020-03-25 06:53:14,"b'RT @eluniversocom: De cada 10 casos confirmados en #Ecuador, al menos 7 son de habitantes de #Guayas https://t.co/nOcpk5BZfH v\xc3\xada @ernescruz'"
2020-03-25 06:53:01,"b'RT @Alizcalix: Reporte #Coronavirus en Am\xc3\xa9rica\n\n\xf0\x9f\x87\xba\xf0\x9f\x87\xb855,112-#Estados Unidos\n\xf0\x9f\x87\xa8\xf0\x9f\x87\xa62,795 #Canad\xc3\xa1\n\xf0\x9f\x87\xa7\xf0\x9f\x87\xb72,247-#Brasil \n\xf0\x9f\x87\xaa\xf0\x9f\x87\xa81,082-#Ecuador\n\xf0\x9f\x87\xa8\xf0\x9f\x87\xb1922-#Chile\n\xf0\x9f\x87\xb5\xf0\x9f\x87\xa64\xe2\x80\xa6'"
2020-03-25 06:52:23,"b'RT @gabricalderon: Cay\xc3\xb3 el petr\xc3\xb3leo,los mercados d capitales se le han pr\xc3\xa1cticamente cerrado al #Ecuador entonces no podemos salir de esta\xe2\x80\xa6'"
2020-03-25 06:52:16,"b'RT @TAMARA_SUJU: #Brasil 2018 casos,+ 94 nuevos, 34 muertos #GuyanaFra 23 casos, +3 nuevo,0 muertos #Suriname 7 casos, +2 nuevos, 0 muertos\xe2\x80\xa6'"
2020-03-25 06:51:27,"b'@groninty En todo caso no worries, La Naturaleza va a mamar las medidas extraordinarias.\n.\n.\nMientras tanto circo y\xe2\x80\xa6 https://t.co/x0vRm6WCS3'"
2020-03-25 06:50:12,b'#DONDEESTAELPRECIDENTE\n#Ecuador \nEsta muriendo........'
2020-03-25 06:50:02,"b'RT @grossignoli: Mi #Ecuador del alma, me duele tanto saber por todo lo que est\xc3\xa1 pasando mi pa\xc3\xads \xf0\x9f\x92\x94 #quetodovuelvaalacalma'"
2020-03-25 06:49:29,b'RT @alison_arandi: Solo quiero despertar y escuchar decir #Ecuador y el mundo \xf0\x9f\x8c\x8d est\xc3\xa1 sano.\xf0\x9f\x99\x8f\xf0\x9f\x8f\xbc'
2020-03-25 06:48:13,"b'Mi #Ecuador del alma, me duele tanto saber por todo lo que est\xc3\xa1 pasando mi pa\xc3\xads \xf0\x9f\x92\x94 #quetodovuelvaalacalma'"
2020-03-25 06:48:05,b'#ATENCION @Salud_Ec @Lenin @ottosonnenh #Ecuador #COVID19Ecuador #CoronavirusEcuador\nes confiable esa informaci\xc3\xb3n y\xe2\x80\xa6 https://t.co/FkARWxI6AY'
2020-03-25 06:46:36,b'RT @lahoraecuador: #Resumen \xf0\x9f\x93\x8a\xf0\x9f\x93\x9d\n\nAs\xc3\xad crecieron los casos de #coronavirus en #Ecuador.\nLa nota completa en: https://t.co/gppsXdG1IV #Covid19\xe2\x80\xa6'
2020-03-25 06:46:22,b'Quien dice que aqu\xc3\xad no hay dise\xc3\xb1o. Lo fashion dejemos para Dior. #ecuador https://t.co/jGb59qOVPo'
2020-03-25 06:46:14,b'RT @elcomerciocom: #Covid19 | \xe2\x80\x9cSe apag\xc3\xb3 la mejor voz de Imbabura\xe2\x80\x9d. Un cantante es la primera v\xc3\xadctima del coronavirus en esta provincia del\xe2\x80\xa6'
2020-03-25 06:45:35,b'Por favor se\xc3\xb1ores @GoberdelGuayas @PedroPabloDuart @DEFENSORIAEC @PoliciaEcuador su ayuda en la especulaci\xc3\xb3n de los\xe2\x80\xa6 https://t.co/F3K10TvNeF'
2020-03-25 06:45:17,b'RT @alex_bladi_: Como es posible? @LoroHomero @Lenin @mariapaularomo @MIES_Zona9 @PoliciaEcuador @DDHH_Ec \nUds son el Estado y est\xc3\xa1n violan\xe2\x80\xa6'
2020-03-25 06:45:02,b'RT @AthosErasmus: Corre\xc3\xadsta \xf0\x9f\x91\x89@JoseVasconezA \nBloquear Por favor\n\n#Anticorre\xc3\xadsmo #Ecuador \n#block #bloquear'
2020-03-25 06:44:37,b'Corre\xc3\xadsta \xf0\x9f\x91\x89@JoseVasconezA \nBloquear Por favor\n\n#Anticorre\xc3\xadsmo #Ecuador \n#block #bloquear'
2020-03-25 06:43:06,b'RT @KaTetmx: Especial atenci\xc3\xb3n en #California #Alaska #Canada #Chile #Peru y #Ecuador por favor compartan el video para que m\xc3\xa1s gente pueda\xe2\x80\xa6'
2020-03-25 06:42:47,"b'Es hermosa. Por ella, nosalgandecasavean #Ecuador https://t.co/WNUNI4aQPU'"
2020-03-25 06:40:37,"b'RT @FFLORESV: Ya nos encontramos presentes en la #Sesi\xc3\xb3nVirtual de la @AsambleaEcuador, donde discutiremos sobre la situaci\xc3\xb3n actual en #Ec\xe2\x80\xa6'"
2020-03-25 06:40:20,b'RT @KaTetmx: Especial atenci\xc3\xb3n en #California #Alaska #Canada #Chile #Peru y #Ecuador por favor compartan el video para que m\xc3\xa1s gente pueda\xe2\x80\xa6'
2020-03-25 06:40:02,b'RT @57_AMAN: No se\xc3\xb1ores @CancilleriaEc hay muchos ni\xc3\xb1os y j\xc3\xb3venes que est\xc3\xa1n con sus padres en el exterior que requieren regresar al #Ecuado\xe2\x80\xa6'
2020-03-25 06:39:39,b'RT @elcomerciocom: #Covid19 | \xe2\x80\x9cSe apag\xc3\xb3 la mejor voz de Imbabura\xe2\x80\x9d. Un cantante es la primera v\xc3\xadctima del coronavirus en esta provincia del\xe2\x80\xa6'
2020-03-25 06:38:48,b'RT @57_AMAN: No se\xc3\xb1ores @CancilleriaEc hay muchos ni\xc3\xb1os y j\xc3\xb3venes que est\xc3\xa1n con sus padres en el exterior que requieren regresar al #Ecuado\xe2\x80\xa6'
2020-03-25 06:38:43,b'RT @Estacion_bcp: As\xc3\xad est\xc3\xa1 Salinas #Ecuador. Hace un mes / hoy #coronavirus via @jabrizp00 https://t.co/1yBDGa16TM'
2020-03-25 06:38:24,b'No se\xc3\xb1ores @CancilleriaEc hay muchos ni\xc3\xb1os y j\xc3\xb3venes que est\xc3\xa1n con sus padres en el exterior que requieren regresar\xe2\x80\xa6 https://t.co/7AwwiuG7Pt'
2020-03-25 06:38:20,b'RT @KatiuskaKing: Comparto mi opini\xc3\xb3n sobre el pago de los Bonos 2020 #Ecuador\n\n#EcuadorEnEmergencia\n#DeudaExterna\n#Deuda\n\nhttps://t.co/vsc\xe2\x80\xa6'
2020-03-25 06:37:29,b'RT @MadreLocura: \xc2\xbfEs mi idea o se busca posicionar el discurso de que la falta de atenci\xc3\xb3n efectiva a la pandemia del #COVID19 en #Ecuador\xe2\x80\xa6'
2020-03-25 06:36:26,b'RT @eluniversocom: #Ecuador sigue entre los pa\xc3\xadses con m\xc3\xa1s casos confirmados de #coronavirus en la regi\xc3\xb3n \xe2\x96\xba https://t.co/iQLIX7TzUK https:/\xe2\x80\xa6'
2020-03-25 06:36:00,"b'RT @EmbajadaChinaEc: (1/4) #Donaci\xc3\xb3n| Finalmente, en Pichincha para ayudar con su lucha local, hoy nuestra Representaci\xc3\xb3n Diplom\xc3\xa1tica entre\xe2\x80\xa6'"
2020-03-25 06:35:35,b'RT @amaurichamorro: #COVID19 | Por ineptut de @ottosonnenh y @Lenin parte de la \xc3\xa9lite econ\xc3\xb3mica del #Ecuador est\xc3\xa1 contagiada. Los hospitale\xe2\x80\xa6'
2020-03-25 06:34:29,"b'RT @FiscaliaEcuador: #AHORA | La fiscal general del Estado, @DianaSalazarM2, en entrevista con @teleamazonasec, habla sobre las acciones de\xe2\x80\xa6'"
2020-03-25 06:33:28,b'RT @florcis_paredes: Esa es una excelente decisi\xc3\xb3n Presidente @alferdez y tal cual lo hubiera hecho .@MashiRafael.. una l\xc3\xa1stima q en #Ecuad\xe2\x80\xa6'
2020-03-25 06:33:18,"b'RT @TAMARA_SUJU: #Brasil 2018 casos,+ 94 nuevos, 34 muertos #GuyanaFra 23 casos, +3 nuevo,0 muertos #Suriname 7 casos, +2 nuevos, 0 muertos\xe2\x80\xa6'"
2020-03-25 06:33:05,b'RT @elcomerciocom: #URGENTE | Actualizaci\xc3\xb3n de datos del impacto del #covid19 en #Ecuador: \n\n- 27 personas fallecidas\n- 1 049 personas cont\xe2\x80\xa6'
2020-03-25 06:32:58,b'RT @MaruMaru_ec: #Ovnis en #Guayaquil  #Ecuador  este 2020 es de locos .. https://t.co/zOa97tbsHo'
2020-03-25 06:31:48,b'RT @KatiuskaKing: Comparto mi opini\xc3\xb3n sobre el pago de los Bonos 2020 #Ecuador\n\n#EcuadorEnEmergencia\n#DeudaExterna\n#Deuda\n\nhttps://t.co/vsc\xe2\x80\xa6'
2020-03-25 06:31:32,"b'RT @ECEEUU: ""La Revoluci\xc3\xb3n Ciudadana es Compromiso Social 5, tenemos que avanzar en el tema del voto por la 5 para obtener mayor\xc3\xada. Necesit\xe2\x80\xa6'"
2020-03-25 06:31:11,b'RT @elcomerciocom: #Covid19 | \xe2\x80\x9cSe apag\xc3\xb3 la mejor voz de Imbabura\xe2\x80\x9d. Un cantante es la primera v\xc3\xadctima del coronavirus en esta provincia del\xe2\x80\xa6'
2020-03-25 06:29:52,b'RT @BenditoFutbolEC: \xc2\xbfHAR\xc3\x81N LO MISMO EN #ECUADOR? Los mismos jugadores de la @BundesIiga_es alemana pidieron bajarse este porcentaje del su\xe2\x80\xa6'
2020-03-25 06:27:44,"b'RT @CompromisoRC: En #Argentina se prioriza primero al ser humano, despu\xc3\xa9s que pase la crisis mundial ante la pandemia del coronavirus se r\xe2\x80\xa6'"
2020-03-25 06:27:18,"b'RT @EmbajadaChinaEc: (1/4) #Donaci\xc3\xb3n| Finalmente, en Pichincha para ayudar con su lucha local, hoy nuestra Representaci\xc3\xb3n Diplom\xc3\xa1tica entre\xe2\x80\xa6'"
2020-03-25 06:27:17,b'RT @CristobalCoboA1: Los Paperos en Quito 1950 im\xc3\xa1genes captadas por mi abuelo Don C Crist\xc3\xb3bal Cobo Arias @cristobalcoboa1 y editadas por @\xe2\x80\xa6'
2020-03-25 06:26:38,b'RT @elcomerciocom: #Covid19 | \xe2\x80\x9cSe apag\xc3\xb3 la mejor voz de Imbabura\xe2\x80\x9d. Un cantante es la primera v\xc3\xadctima del coronavirus en esta provincia del\xe2\x80\xa6'
2020-03-25 06:26:35,b'RT @eltiempocuenca: #Ecuador | Conoce los requerimientos que deben cumplir los docentes para que formen parte del magisterio fiscal dentro\xe2\x80\xa6'
2020-03-25 06:26:01,b'RT @Carlos_Orozcocd: La pandemia m\xc3\xa1s letal de la historia del #Ecuador \xf0\x9f\x91\x87\n#CoronavirusEcuador https://t.co/LSQ8CZtVCX'
2020-03-25 06:25:55,b'@Sr_Granda #quedateencasa es lo que hace falta! Palo y mas palo! Latigazo contigo!! Bien por las #FFAA #Ecuador! Ha\xe2\x80\xa6 https://t.co/T6NoSXix1x'
2020-03-25 06:25:22,b'@SebasPalaciosSP Ojal\xc3\xa1 que despu\xc3\xa9s de esto entiendan que necesitamos m\xc3\xa1s m\xc3\xa9dicos menos asamble\xc3\xadstas y que la prefec\xe2\x80\xa6 https://t.co/ht7j1BDj96'
2020-03-25 06:25:01,b'RT @elcomerciocom: #Covid19 | \xe2\x80\x9cSe apag\xc3\xb3 la mejor voz de Imbabura\xe2\x80\x9d. Un cantante es la primera v\xc3\xadctima del coronavirus en esta provincia del\xe2\x80\xa6'
2020-03-25 06:24:20,b'RT @Foxlider1A: Parece un cuadro para la pared pero es real as\xc3\xad est\xc3\xa1 Salinas #Ecuador. LIBRE DE CONTAMINACION\n#MedioAmbiente \xf0\x9f\x8c\x8f https://t.co\xe2\x80\xa6'
2020-03-25 06:23:36,b'RT @eltiempocuenca: Los vuelos humanitarios para repatriar extranjeros de #Ecuador a pa\xc3\xadses de #Europa se desarrollan bajo las restriccione\xe2\x80\xa6'
2020-03-25 06:23:20,"b'RT @zyrkero: Subida todo el primer volumen de""el defecto antabus"" a mi blog!!\n\nhttps://t.co/gfR8S4S0jQ\n\n#comic #Ecuador https://t.co/vdMQg4\xe2\x80\xa6'"
2020-03-25 06:23:15,b'RT @flisolguayaquil: #HackingCOVID19EC \n\nCon el poder de la impresi\xc3\xb3n 3D y el apoyo de makers ecuatorianos se lograron fabricar 1000 protec\xe2\x80\xa6'
2020-03-25 06:23:11,b'RT @pichinchauniver: \xf0\x9f\x93\xb0#Nacionales | #Ecuador analiza experiencia en #Espa\xc3\xb1a de suspender salarios para no despedir gente: Juan Sebasti\xc3\xa1n Ro\xe2\x80\xa6'
2020-03-25 06:23:04,b'RT @Carlos_Orozcocd: La pandemia m\xc3\xa1s letal de la historia del #Ecuador \xf0\x9f\x91\x87\n#CoronavirusEcuador https://t.co/LSQ8CZtVCX'
2020-03-25 06:22:39,"b'RT @eluniversocom: De cada 10 casos confirmados en #Ecuador, al menos 7 son de habitantes de #Guayas https://t.co/nOcpk5BZfH v\xc3\xada @ernescruz'"
2020-03-25 06:22:29,"b'RT @anniecanizares: Am\xc3\xadlcar Villavicencio de la Armada dice que ""por la raz\xc3\xb3n o por la fuerza"", hay que actuar en Guayas frente a la aceler\xe2\x80\xa6'"
2020-03-25 06:21:19,b'MI\xc3\x89RCOLES DE S\xc3\x9aPER PROMOCI\xc3\x93N! Quieres aprender a generar ingresos desde tu casa por medio de apps? \xf0\x9f\x8f\xa6\xf0\x9f\x93\xb2#Educaci\xc3\xb3n\xe2\x80\xa6 https://t.co/NLPjIYhGol'
2020-03-25 06:20:52,b'RT @MaruMaru_ec: #Ovnis en #Guayaquil  #Ecuador  este 2020 es de locos .. https://t.co/zOa97tbsHo'
2020-03-25 06:20:50,b'Como es posible? @LoroHomero @Lenin @mariapaularomo @MIES_Zona9 @PoliciaEcuador @DDHH_Ec \nUds son el Estado y est\xc3\xa1n\xe2\x80\xa6 https://t.co/GCkONqu3Pj'
2020-03-25 06:20:26,"b'RT @victsep: Esta belleza viene de Ecuador. Ellas, las llamas, han aparecido, han bajado a la carretera y est\xc3\xa1n como se ve. En Papallacta,\xe2\x80\xa6'"
2020-03-25 06:20:22,b'@renatayb @EstebanNoboaC con mucho respeto apreciada Srta @renatayb  valen 3 galaxias de .. que se filtren o se dej\xe2\x80\xa6 https://t.co/RgYevHRaR5'
2020-03-25 06:20:02,b'RT @AutomagazineEc: \xc2\xbfConoces el nuevo desaf\xc3\xado de los pilotos de MotoGP\xe2\x84\xa2?:\nhttps://t.co/IbLlysVCIB\n.\nhttps://t.co/NYPbVN9UVn\n.\n#AutoMagazine\xe2\x80\xa6'
2020-03-25 06:20:00,"b'RT @nelsonesteban76: No saben c\xc3\xb3mo estamos sufriendo los que usamos la boca como soporte de la llave del carro, el control del parqueadero,\xe2\x80\xa6'"
2020-03-25 06:19:40,b'\xc2\xbfConoces el nuevo desaf\xc3\xado de los pilotos de MotoGP\xe2\x84\xa2?:\nhttps://t.co/IbLlysVCIB\n.\nhttps://t.co/NYPbVN9UVn\n.\xe2\x80\xa6 https://t.co/p3ul02Dzhw'
2020-03-25 06:19:37,b'RT @eluniversocom: #Ecuador sigue entre los pa\xc3\xadses con m\xc3\xa1s casos confirmados de #coronavirus en la regi\xc3\xb3n \xe2\x96\xba https://t.co/iQLIX7TzUK https:/\xe2\x80\xa6'
2020-03-25 06:19:36,"b'RT @FiscaliaEcuador: #AHORA | La fiscal general del Estado, @DianaSalazarM2, en entrevista con @teleamazonasec, habla sobre las acciones de\xe2\x80\xa6'"
2020-03-25 06:19:35,b'RT @AutomagazineEc: Porsche presenta innovadora tecnolog\xc3\xada de impresi\xc3\xb3n 3D para asientos baquet:\nhttps://t.co/CQKExaTzwN\n.\n#AutoMagazineEc\xe2\x80\xa6'
2020-03-25 06:19:30,b'RT @PatriciioPrecii: Via Papallacta- Pifo #Ecuador.\nLlamas tom\xc3\xa1ndose las calles. https://t.co/YKowmuAhBW'
2020-03-25 06:19:25,b'RT @CesarCoronelEc: A las 06:00 -hora de #Ecuador- un\xc3\xa1monos en oraci\xc3\xb3n al Santo Padre.'
2020-03-25 06:19:23,b'RT @PatriciioPrecii: Via Papallacta- Pifo #Ecuador.\nLlamas tom\xc3\xa1ndose las calles. https://t.co/YKowmuAhBW'
2020-03-25 06:19:14,"b'RT @CompromisoRC: En #Argentina se prioriza primero al ser humano, despu\xc3\xa9s que pase la crisis mundial ante la pandemia del coronavirus se r\xe2\x80\xa6'"
2020-03-25 06:18:56,b'RT @JJVivasWagner: #COVID2019 #COVID19Ecuador #QuedateEnTuCasa #YoMeQuedoEnCasa @LaPosta_Ecu @garay @Intdemocratic @MyrianeLibre @KARENHOLL\xe2\x80\xa6'
2020-03-25 06:18:29,b'RT @JJVivasWagner: #COVID2019 #COVID19Ecuador #QuedateEnTuCasa #YoMeQuedoEnCasa @LaPosta_Ecu @garay @Intdemocratic @MyrianeLibre @KARENHOLL\xe2\x80\xa6'
2020-03-25 06:18:28,b'RT @eltuirerderafa: Si cada persona que lee este tuit le lleva alimentos a alguna familia que sabe est\xc3\xa1 pasando necesidades har\xc3\xadamos este #\xe2\x80\xa6'
2020-03-25 06:18:25,b'RT @KatiuskaKing: Comparto mi opini\xc3\xb3n sobre el pago de los Bonos 2020 #Ecuador\n\n#EcuadorEnEmergencia\n#DeudaExterna\n#Deuda\n\nhttps://t.co/vsc\xe2\x80\xa6'
2020-03-25 06:18:24,"b'RT @Efuentesec: Si la gente se pone a pagar deudas, sin saber cu\xc3\xa1ndo podr\xc3\xa1 trabajar y producir, podr\xc3\xada quedarse sin liquidez para alimentos\xe2\x80\xa6'"
2020-03-25 06:18:22,b'RT @elcomerciocom: #Covid19 | \xe2\x80\x9cSe apag\xc3\xb3 la mejor voz de Imbabura\xe2\x80\x9d. Un cantante es la primera v\xc3\xadctima del coronavirus en esta provincia del\xe2\x80\xa6'
2020-03-25 06:18:09,b'RT @KaTetmx: Especial atenci\xc3\xb3n en #California #Alaska #Canada #Chile #Peru y #Ecuador por favor compartan el video para que m\xc3\xa1s gente pueda\xe2\x80\xa6'
2020-03-25 06:17:46,b'#COVID2019 #COVID19Ecuador #QuedateEnTuCasa #YoMeQuedoEnCasa @LaPosta_Ecu @garay @Intdemocratic @MyrianeLibre\xe2\x80\xa6 https://t.co/y3lyuW7jyP'
2020-03-25 06:17:45,b'RT @MadreLocura: \xc2\xbfEs mi idea o se busca posicionar el discurso de que la falta de atenci\xc3\xb3n efectiva a la pandemia del #COVID19 en #Ecuador\xe2\x80\xa6'
2020-03-25 06:17:39,b'RT @elcomerciocom: #Covid19 | \xe2\x80\x9cSe apag\xc3\xb3 la mejor voz de Imbabura\xe2\x80\x9d. Un cantante es la primera v\xc3\xadctima del coronavirus en esta provincia del\xe2\x80\xa6'
2020-03-25 06:17:37,b'RT @eltiempocuenca: #Ecuador | Conoce los requerimientos que deben cumplir los docentes para que formen parte del magisterio fiscal dentro\xe2\x80\xa6'
2020-03-25 06:17:15,b'Porsche presenta innovadora tecnolog\xc3\xada de impresi\xc3\xb3n 3D para asientos baquet:\nhttps://t.co/CQKExaTzwN\n.\xe2\x80\xa6 https://t.co/PcD7DdXyP7'
2020-03-25 06:17:10,"b'RT @EmbajadaChinaEc: (1/4) #Donaci\xc3\xb3n| Finalmente, en Pichincha para ayudar con su lucha local, hoy nuestra Representaci\xc3\xb3n Diplom\xc3\xa1tica entre\xe2\x80\xa6'"
2020-03-25 06:16:09,b'RT @eltiempocuenca: Los vuelos humanitarios para repatriar extranjeros de #Ecuador a pa\xc3\xadses de #Europa se desarrollan bajo las restriccione\xe2\x80\xa6'
2020-03-25 06:15:18,"b'RT @YefryLopez6: Comparativa por 100 mil habitantes #coronavirus #Espa\xc3\xb1a, #Chile ,#Per\xc3\xba, #CostaRica, #Ecuador #Colombia\n\nPanam\xc3\xa1 en 14 d\xc3\xadas\xe2\x80\xa6'"
2020-03-25 06:15:02,b'RT @AutomagazineEc: Porsche presenta innovadora tecnolog\xc3\xada de impresi\xc3\xb3n 3D para asientos baquet:\nhttps://t.co/CQKExaTzwN\n\n#AutoMagazineEc #\xe2\x80\xa6'
2020-03-25 06:14:59,b'RT @eltiempocuenca: Los vuelos humanitarios para repatriar extranjeros de #Ecuador a pa\xc3\xadses de #Europa se desarrollan bajo las restriccione\xe2\x80\xa6'
2020-03-25 06:13:52,b'Porsche presenta innovadora tecnolog\xc3\xada de impresi\xc3\xb3n 3D para asientos baquet:\nhttps://t.co/CQKExaTzwN\xe2\x80\xa6 https://t.co/hsaXjCeC7i'
2020-03-25 06:13:41,"b'RT @ECUADORCHEQUEA: Si te llega este audio, evita compartirlo: es un llamado al caos y la histeria colectiva. En #Ecuador hay un contagio c\xe2\x80\xa6'"
2020-03-25 06:13:21,b'RT @rabascallcarlos: Para cuidar la liquidez del Ecuador es necesario evitar la salida de divisas y aplicar salvaguardias a las importacion\xe2\x80\xa6'
2020-03-25 06:13:03,b'RT @flisolguayaquil: #HackingCOVID19EC \n\nCon el poder de la impresi\xc3\xb3n 3D y el apoyo de makers ecuatorianos se lograron fabricar 1000 protec\xe2\x80\xa6'
2020-03-25 06:13:00,b'RT @n_larenas: Inician los vuelos de repatriaci\xc3\xb3n hacia #Ecuador https://t.co/vWM11AQYmG'
2020-03-25 06:12:33,"b'RT @EmbajadaChinaEc: (1/1) #Donaci\xc3\xb3n| Hoy entregamos 70000 mascarillas quir\xc3\xbargicas, 2500 mascarillas N95, 5180 trajes de protecci\xc3\xb3n y 140 t\xe2\x80\xa6'"
2020-03-25 06:12:30,b'RT @amaurichamorro: #COVID19 | Por ineptut de @ottosonnenh y @Lenin parte de la \xc3\xa9lite econ\xc3\xb3mica del #Ecuador est\xc3\xa1 contagiada. Los hospitale\xe2\x80\xa6'
2020-03-25 06:11:35,b'RT @PatriciioPrecii: Via Papallacta- Pifo #Ecuador.\nLlamas tom\xc3\xa1ndose las calles. https://t.co/YKowmuAhBW'
2020-03-25 06:11:25,b'RT @Foxlider1A: Parece un cuadro para la pared pero es real as\xc3\xad est\xc3\xa1 Salinas #Ecuador. LIBRE DE CONTAMINACION\n#MedioAmbiente \xf0\x9f\x8c\x8f https://t.co\xe2\x80\xa6'
2020-03-25 06:11:12,b'RT @MASSIVOS1: Mamarracho @ottosonnenh que dices ante esto  inempto @RichardM_A mantienes  que tu desicion  es la mejor. Los empleados de l\xe2\x80\xa6'
2020-03-25 06:11:06,"b'RT @fdsloja: Es hora de unirnos en un solo CORAZ\xc3\x93N! \xe2\x9d\xa4\xef\xb8\x8fHazlo por ti, por tu familia, por #Ecuador \xf0\x9f\x87\xa8\xf0\x9f\x87\xb4 y el Mundo \n#Qu\xc3\xa9dateEnCasa https://t.co\xe2\x80\xa6'"
2020-03-25 06:10:33,b'RT @LuisCubillosGye: La plena.\nExcelente resoluci\xc3\xb3n. \nFELICITACIONES @AsambleaEcuador @pabelml @cesarlitardo @somos_rc @BaironValleP @marce\xe2\x80\xa6'
2020-03-25 06:10:32,b'Y siempre desp\xc3\xbaes de la tormenta vuelve a salir el sol\xf0\x9f\x8c\xa4. \n\nRecuerdal\xc3\xb3!!\nSolo necesitamos creer en Dios.\n #Ecuador\xe2\x80\xa6 https://t.co/z9dJ0KfO2x'
2020-03-25 06:10:12,b'RT @KaTetmx: Especial atenci\xc3\xb3n en #California #Alaska #Canada #Chile #Peru y #Ecuador por favor compartan el video para que m\xc3\xa1s gente pueda\xe2\x80\xa6'
2020-03-25 06:10:02,b'RT @KaTetmx: Especial atenci\xc3\xb3n en #California #Alaska #Canada #Chile #Peru y #Ecuador por favor compartan el video para que m\xc3\xa1s gente pueda\xe2\x80\xa6'
2020-03-25 06:09:51,"b'RT @anniecanizares: Am\xc3\xadlcar Villavicencio de la Armada dice que ""por la raz\xc3\xb3n o por la fuerza"", hay que actuar en Guayas frente a la aceler\xe2\x80\xa6'"
2020-03-25 06:09:25,b'RT @JBardellini: De las 27 victimas mortales por #Covid_19 en #Ecuador \n\n3   eran casos ambulatorios.\n11 en Unidad de Cuidados Intensivos.\xe2\x80\xa6'
2020-03-25 06:08:21,"b'RT @KTiffanyB: Mientras @Lenin  anda escondido, Vlad\xc3\xadmir Putin visita los hospitales. #COVID19Ecuador #COVID2019ec #Ecuador'"
2020-03-25 06:07:38,b'RT @realidad_int: #coronavirus #Ecuador\n\nSuma 33 casos en un d\xc3\xada y ya son 1.082 los contagiados. https://t.co/x8bH1GSoNt'
2020-03-25 06:07:35,b'RT @TMT30_: \xc2\xbfQu\xc3\xa9 se sabe de los 9 recientes fallecidos por el #coronavirus #COVID19 en #Ecuador?\n\xe2\x9c\x85El rango de edad es de 52 y 79 a\xc3\xb1os\n\xe2\x9c\x852 de\xe2\x80\xa6'
2020-03-25 06:07:34,b'RT @eluniversocom: #Ecuador sigue entre los pa\xc3\xadses con m\xc3\xa1s casos confirmados de #coronavirus en la regi\xc3\xb3n \xe2\x96\xba https://t.co/iQLIX7TzUK https:/\xe2\x80\xa6'
2020-03-25 06:07:10,"b'RT @Luis_Fierro_Eco: Corre\xc3\xadstas en 2015: Qu\xc3\xa9 bueno que el gobierno de Correa emita bonos a 5 a\xc3\xb1os plazo con una tasa alt\xc3\xadsima de 10,5 %!\n\nC\xe2\x80\xa6'"
2020-03-25 06:06:59,b'RT @KaTetmx: Especial atenci\xc3\xb3n en #California #Alaska #Canada #Chile #Peru y #Ecuador por favor compartan el video para que m\xc3\xa1s gente pueda\xe2\x80\xa6'
2020-03-25 06:06:45,b'RT @JBardellini: De las 27 victimas mortales por #Covid_19 en #Ecuador \n\n3   eran casos ambulatorios.\n11 en Unidad de Cuidados Intensivos.\xe2\x80\xa6'
2020-03-25 06:06:14,b'RT @Estacion_bcp: As\xc3\xad est\xc3\xa1 Salinas #Ecuador. Hace un mes / hoy #coronavirus via @jabrizp00 https://t.co/1yBDGa16TM'
2020-03-25 06:06:10,b'Especial atenci\xc3\xb3n en #California #Alaska #Canada #Chile #Peru y #Ecuador por favor compartan el video para que m\xc3\xa1s\xe2\x80\xa6 https://t.co/aOqNr39Bxi'
2020-03-25 06:06:06,"b'RT @Alizcalix: Reporte #Coronavirus en Am\xc3\xa9rica\n\n\xf0\x9f\x87\xba\xf0\x9f\x87\xb855,112-#Estados Unidos\n\xf0\x9f\x87\xa8\xf0\x9f\x87\xa62,795 #Canad\xc3\xa1\n\xf0\x9f\x87\xa7\xf0\x9f\x87\xb72,247-#Brasil \n\xf0\x9f\x87\xaa\xf0\x9f\x87\xa81,082-#Ecuador\n\xf0\x9f\x87\xa8\xf0\x9f\x87\xb1922-#Chile\n\xf0\x9f\x87\xb5\xf0\x9f\x87\xa64\xe2\x80\xa6'"
2020-03-25 06:05:54,b'RT @elcomerciocom: #Covid19 | \xe2\x80\x9cSe apag\xc3\xb3 la mejor voz de Imbabura\xe2\x80\x9d. Un cantante es la primera v\xc3\xadctima del coronavirus en esta provincia del\xe2\x80\xa6'
2020-03-25 06:05:02,b'RT @gabo_calle3: Ara\xc3\xb1a \xf0\x9f\x95\xb7\xef\xb8\x8f\n#ecuador\xf0\x9f\x87\xaa\xf0\x9f\x87\xa8 #ara\xc3\xb1a #spider #spidey #fauna #aracnido #animla #ecuadorpotenciaturistica #ecuadorpaisajes #ecuador593\xe2\x80\xa6'
2020-03-25 06:05:02,"b'RT @CompromisoRC: En #Argentina se prioriza primero al ser humano, despu\xc3\xa9s que pase la crisis mundial ante la pandemia del coronavirus se r\xe2\x80\xa6'"
2020-03-25 06:04:51,b'RT @EmbajadaChinaEc: (1/1) #Donaci\xc3\xb3n| Ayer realizamos la primera donaci\xc3\xb3n que ha representado un s\xc3\xadmbolo de gratitud a #Ecuador por su ayud\xe2\x80\xa6'
2020-03-25 06:04:47,b'RT @PateticosC: Hace tres a\xc3\xb1os el traidor @Lenin Moreno criticaba la gesti\xc3\xb3n de Correa y dec\xc3\xada al pueblo de #Ecuador que se hab\xc3\xadan hecho gr\xe2\x80\xa6'
2020-03-25 06:04:37,"b'RT @JuankVillagomez: En otro video captado desde un helic\xc3\xb3ptero se puede ver los veh\xc3\xadculos del Municipio de Guayaquil, ATM y Polic\xc3\xada Metrop\xe2\x80\xa6'"
2020-03-25 06:04:15,b'RT @Foxlider1A: Parece un cuadro para la pared pero es real as\xc3\xad est\xc3\xa1 Salinas #Ecuador. LIBRE DE CONTAMINACION\n#MedioAmbiente \xf0\x9f\x8c\x8f https://t.co\xe2\x80\xa6'
2020-03-25 06:03:52,"b'RT @UNSIONTV: Con este comunicado Sof\xc3\xada Almeida, vicepresidenta del Consejo de Participaci\xc3\xb3n Ciudadana y Control Social, revel\xc3\xb3 que padece\xe2\x80\xa6'"
2020-03-25 06:03:29,b'RT @elcomerciocom: \xe2\x9a\xa0\xef\xb8\x8f #ToqueDeQueda \xe2\x9a\xa0\xef\xb8\x8f | Mensaje de las Fuerzas Armadas al #Ecuador \n\n#Qu\xc3\xa9dateEnCasa https://t.co/OMZ0nYwaoZ'
2020-03-25 06:03:25,b'RT @7731patria: \xc2\xa1ULTIMA HORA!\n\nAtenci\xc3\xb3n #Ecuador\n\nEsto es extremadamente grave. \n\nHace pocos minutos en el Hospital Le\xc3\xb3n Becerra de Milagro\xe2\x80\xa6'
2020-03-25 06:03:16,b'RT @elcomerciocom: #Covid19 | \xe2\x80\x9cSe apag\xc3\xb3 la mejor voz de Imbabura\xe2\x80\x9d. Un cantante es la primera v\xc3\xadctima del coronavirus en esta provincia del\xe2\x80\xa6'
2020-03-25 06:03:13,b'Ara\xc3\xb1a \xf0\x9f\x95\xb7\xef\xb8\x8f\n#ecuador\xf0\x9f\x87\xaa\xf0\x9f\x87\xa8 #ara\xc3\xb1a #spider #spidey #fauna #aracnido #animla #ecuadorpotenciaturistica #ecuadorpaisajes\xe2\x80\xa6 https://t.co/wBS7JTL4a9'
2020-03-25 06:03:03,b'RT @CesarCoronelEc: A las 06:00 -hora de #Ecuador- un\xc3\xa1monos en oraci\xc3\xb3n al Santo Padre.'
2020-03-25 06:02:49,b'RT @magrazziaacosta: 24 Marzo\nInforme COE 17h00\n\n1082 casos positivos y se mantiene en 27 fallecidos por #Coronavirus en #Ecuador\n \n@teleam\xe2\x80\xa6'
2020-03-25 06:02:30,b'Ana Frank viendote como t\xc3\xba no te quedas en casa y asi evitas la propagaci\xc3\xb3n del virus.\n#QuedateEnCasa\n#Ecuador https://t.co/nsHJwRk4DU'
2020-03-25 06:02:26,"b'RT @CompromisoRC: En #Argentina se prioriza primero al ser humano, despu\xc3\xa9s que pase la crisis mundial ante la pandemia del coronavirus se r\xe2\x80\xa6'"
2020-03-25 06:01:20,b'RT @eltiempocuenca: #Ecuador | Conoce los requerimientos que deben cumplir los docentes para que formen parte del magisterio fiscal dentro\xe2\x80\xa6'
2020-03-25 06:00:57,b'RT @MillanLudena: \xc2\xa1Vamos #ECUADOR \xf0\x9f\x87\xaa\xf0\x9f\x87\xa8! https://t.co/fT56VsGM9I'
2020-03-25 06:00:56,b'RT @Foxlider1A: Parece un cuadro para la pared pero es real as\xc3\xad est\xc3\xa1 Salinas #Ecuador. LIBRE DE CONTAMINACION\n#MedioAmbiente \xf0\x9f\x8c\x8f https://t.co\xe2\x80\xa6'
2020-03-25 06:00:34,b'RT @CristobalCoboA1: Los Paperos en Quito 1950 im\xc3\xa1genes captadas por mi abuelo Don C Crist\xc3\xb3bal Cobo Arias @cristobalcoboa1 y editadas por @\xe2\x80\xa6'
2020-03-25 06:00:20,b'RT @eltiempocuenca: Los vuelos humanitarios para repatriar extranjeros de #Ecuador a pa\xc3\xadses de #Europa se desarrollan bajo las restriccione\xe2\x80\xa6'
2020-03-25 06:00:14,b'RT @n_larenas: Inician los vuelos de repatriaci\xc3\xb3n hacia #Ecuador https://t.co/vWM11AQYmG'
2020-03-25 06:00:02,b'RT @wal_alexander: \xf0\x9f\x93\xa2 ATENCI\xc3\x93N\n\nAscienden a 1082 los casos de #Covid-19 en #Ecuador.\n#Sucumb\xc3\xados \n#EcuadorEnEmergencia \n#Ecuavisa https://t.c\xe2\x80\xa6'
2020-03-25 05:59:57,b'RT @IngCivilTopog: @MashiRafael Que le hagan otra prueba de #coronavirus  a @CynthiaViteri6 #Alcaldesa de #Guayaquil una Fundaci\xc3\xb3n Internac\xe2\x80\xa6'
2020-03-25 05:59:23,b'\xf0\x9f\x93\xa2 ATENCI\xc3\x93N\n\nAscienden a 1082 los casos de #Covid-19 en #Ecuador.\n#Sucumb\xc3\xados \n#EcuadorEnEmergencia \n#Ecuavisa https://t.co/XzeowKcWyT'
2020-03-25 05:59:13,b'RT @n_larenas: Inician los vuelos de repatriaci\xc3\xb3n hacia #Ecuador https://t.co/vWM11AQYmG'
2020-03-25 05:59:06,b'RT @elcomerciocom: #Covid19 | \xe2\x80\x9cSe apag\xc3\xb3 la mejor voz de Imbabura\xe2\x80\x9d. Un cantante es la primera v\xc3\xadctima del coronavirus en esta provincia del\xe2\x80\xa6'
2020-03-25 05:59:02,b'RT @eltiempocuenca: #Ecuador | Conoce los requerimientos que deben cumplir los docentes para que formen parte del magisterio fiscal dentro\xe2\x80\xa6'
2020-03-25 05:58:55,"b'RT @CompromisoRC: En #Argentina se prioriza primero al ser humano, despu\xc3\xa9s que pase la crisis mundial ante la pandemia del coronavirus se r\xe2\x80\xa6'"
2020-03-25 05:58:54,"b'#8deMarzo en #Chile \n#8deMarzo en #Ecuador\n#8deMarzo en #M\xc3\xa9xico \n#8deMarzo en #Espa\xc3\xb1a \n\xc2\xa1Para vosotras, compa\xc3\xb1eras!\xe2\x80\xa6 https://t.co/aRfHBQkBZt'"
2020-03-25 05:58:48,b'RT @irabeseguias: Lenin Moreno vuelvo y te repito NO VAS AL CIELO \nTE SALE SOTANO Y PAILA \nAPUNTALO !\n\n#Ecuador #coronavirus https://t.co/d\xe2\x80\xa6'
2020-03-25 05:58:30,b'RT @EmbajadaChinaEc: (1/1) #Donaci\xc3\xb3n| Ayer realizamos la primera donaci\xc3\xb3n que ha representado un s\xc3\xadmbolo de gratitud a #Ecuador por su ayud\xe2\x80\xa6'
2020-03-25 05:58:04,b'L\xc3\xa9anlo por favor #coronavirus #Cuarentena #Ecuador #COVID2019 #coronavirusec https://t.co/6GpSSRtNN5'
2020-03-25 05:57:52,b'RT @Estacion_bcp: As\xc3\xad est\xc3\xa1 Salinas #Ecuador. Hace un mes / hoy #coronavirus via @jabrizp00 https://t.co/1yBDGa16TM'
2020-03-25 05:57:46,b'RT @rabascallcarlos: Para cuidar la liquidez del Ecuador es necesario evitar la salida de divisas y aplicar salvaguardias a las importacion\xe2\x80\xa6'
2020-03-25 05:56:47,b'RT @elcomerciocom: #Covid19 | \xe2\x80\x9cSe apag\xc3\xb3 la mejor voz de Imbabura\xe2\x80\x9d. Un cantante es la primera v\xc3\xadctima del coronavirus en esta provincia del\xe2\x80\xa6'
2020-03-25 05:56:46,b'RT @Marisol_Bowen: Agradecemos a los abogados de @JuridicaPopular y los investigadores de @CDESecuador que demandan a Moreno y Mart\xc3\xadnez por\xe2\x80\xa6'
2020-03-25 05:56:42,b'RT @7731patria: \xc2\xa1ULTIMA HORA!\n\nAtenci\xc3\xb3n #Ecuador\n\nEsto es extremadamente grave. \n\nHace pocos minutos en el Hospital Le\xc3\xb3n Becerra de Milagro\xe2\x80\xa6'
2020-03-25 05:55:58,b'RT @Foxlider1A: Parece un cuadro para la pared pero es real as\xc3\xad est\xc3\xa1 Salinas #Ecuador. LIBRE DE CONTAMINACION\n#MedioAmbiente \xf0\x9f\x8c\x8f https://t.co\xe2\x80\xa6'
2020-03-25 05:55:55,b'RT @eltiempocuenca: Los vuelos humanitarios para repatriar extranjeros de #Ecuador a pa\xc3\xadses de #Europa se desarrollan bajo las restriccione\xe2\x80\xa6'
2020-03-25 05:55:02,b'RT @PedroFlores2286: Por los primeros a\xc3\xb1os del siglo XXI \xf0\x9f\x98\x89\xf0\x9f\x98\x8e \n.\n.\n#tbt\xf0\x9f\x94\x99\xf0\x9f\x93\xb8 #tbt\xe2\x9d\xa4\xef\xb8\x8f #yomequedoencasa\n#teretocuarentena #CuarentenaNacional #cuar\xe2\x80\xa6'
2020-03-25 05:53:52,b'Por los primeros a\xc3\xb1os del siglo XXI \xf0\x9f\x98\x89\xf0\x9f\x98\x8e \n.\n.\n#tbt\xf0\x9f\x94\x99\xf0\x9f\x93\xb8 #tbt\xe2\x9d\xa4\xef\xb8\x8f #yomequedoencasa\n#teretocuarentena #CuarentenaNacional\xe2\x80\xa6 https://t.co/ZqD5RCZ4mG'
2020-03-25 05:53:32,b'RT @CesarCoronelEc: A las 06:00 -hora de #Ecuador- un\xc3\xa1monos en oraci\xc3\xb3n al Santo Padre.'
2020-03-25 05:52:55,"b'RT @Alizcalix: Reporte #Coronavirus en Am\xc3\xa9rica\n\n\xf0\x9f\x87\xba\xf0\x9f\x87\xb855,112-#Estados Unidos\n\xf0\x9f\x87\xa8\xf0\x9f\x87\xa62,795 #Canad\xc3\xa1\n\xf0\x9f\x87\xa7\xf0\x9f\x87\xb72,247-#Brasil \n\xf0\x9f\x87\xaa\xf0\x9f\x87\xa81,082-#Ecuador\n\xf0\x9f\x87\xa8\xf0\x9f\x87\xb1922-#Chile\n\xf0\x9f\x87\xb5\xf0\x9f\x87\xa64\xe2\x80\xa6'"
2020-03-25 05:52:51,b'De largo #CarlitosMameluco ha sido lo peor que le pasado al #Ecuador . Peor que el #Coronavid19 https://t.co/YZOiWwfCfh'
2020-03-25 05:52:45,b'RT @eluniversocom: M\xc3\xa1s de 1000 detenidos por irrespetar toque de queda \xe2\x96\xba https://t.co/6S05PG4nre #Ecuador #coronavirus'
2020-03-25 05:52:34,b'RT @eluniversocom: #Ecuador sigue entre los pa\xc3\xadses con m\xc3\xa1s casos confirmados de #coronavirus en la regi\xc3\xb3n \xe2\x96\xba https://t.co/iQLIX7TzUK https:/\xe2\x80\xa6'
2020-03-25 05:52:28,"b'RT @fjsv1974: #URGENTE  Sr :Presidente @Lenin necesitamos salvar m\xc3\xa1s vidas\nLos #m\xc3\xa9dicos  #internos ,que est\xc3\xa1n infectados necesitan la medic\xe2\x80\xa6'"
2020-03-25 05:52:27,b'RT @Pinvestigacion3: La crisis sanitaria pone en jaque al Sistema de Salud en #Ecuador \xf0\x9f\xa6\xa0https://t.co/jEut2FUlxA'
2020-03-25 05:52:07,b'RT @JBardellini: De las 27 victimas mortales por #Covid_19 en #Ecuador \n\n3   eran casos ambulatorios.\n11 en Unidad de Cuidados Intensivos.\xe2\x80\xa6'
2020-03-25 05:52:05,"b'RT @MaxTVonline_EC: #IMPORTANTE \xf0\x9f\x94\xb4\n\xe2\x80\x9cPor los h\xc3\xa9roes de nuestro pa\xc3\xads, aquellos profesionales que batallan d\xc3\xada a d\xc3\xada, frente a frente contra el\xe2\x80\xa6'"
2020-03-25 05:51:30,b'RT @jotalloretv: El Banco Mundial hace un llamado a suspender pago de #DeudaExterna de pa\xc3\xadses m\xc3\xa1s pobres y el #Gobierno de #Ecuador hace to\xe2\x80\xa6'
2020-03-25 05:51:25,b'RT @CristobalCoboA1: Los Paperos en Quito 1950 im\xc3\xa1genes captadas por mi abuelo Don C Crist\xc3\xb3bal Cobo Arias @cristobalcoboa1 y editadas por @\xe2\x80\xa6'
2020-03-25 05:51:24,b'RT @fjsv1974: Visitadores m\xc3\xa9dicos  del #Ecuador \xf0\x9f\x87\xaa\xf0\x9f\x87\xa8 es el momento de ayudar.\nFarmac\xc3\xa9uticas #Difare   #Roche \nNecesitamos donaciones de \xc3\xa9stos\xe2\x80\xa6'
2020-03-25 05:51:12,b'RT @canaltranscom: FIESTA DESINTEGRADA!\nS\xc3\xa1bado 28 de Marzo de 2020\n#ECDQEMSD #Podcast Transmisi\xc3\xb3n en vivo!!\n19 hs #USAOeste #BC #Sonora\n20\xe2\x80\xa6'
2020-03-25 05:51:11,b'RT @eluniversocom: As\xc3\xad ha sido el avance del #coronavirus en #Guayaquil entre el 16 y 23 de marzo - v\xc3\xada @ernescruz   #Ecuador https://t.co/\xe2\x80\xa6'
2020-03-25 05:50:59,b'El Gobierno Nacional contabiliza 40.000 mascarillas y minimiza el resto de los rubros donados por #China al\xe2\x80\xa6 https://t.co/P0AmDIDCAM'
2020-03-25 05:50:02,"b'RT @Alizcalix: Reporte #Coronavirus en Am\xc3\xa9rica\n\n\xf0\x9f\x87\xba\xf0\x9f\x87\xb855,112-#Estados Unidos\n\xf0\x9f\x87\xa8\xf0\x9f\x87\xa62,795 #Canad\xc3\xa1\n\xf0\x9f\x87\xa7\xf0\x9f\x87\xb72,247-#Brasil \n\xf0\x9f\x87\xaa\xf0\x9f\x87\xa81,082-#Ecuador\n\xf0\x9f\x87\xa8\xf0\x9f\x87\xb1922-#Chile\n\xf0\x9f\x87\xb5\xf0\x9f\x87\xa64\xe2\x80\xa6'"
2020-03-25 05:49:22,"b'Reporte #Coronavirus en Am\xc3\xa9rica\n\n\xf0\x9f\x87\xba\xf0\x9f\x87\xb855,112-#Estados Unidos\n\xf0\x9f\x87\xa8\xf0\x9f\x87\xa62,795 #Canad\xc3\xa1\n\xf0\x9f\x87\xa7\xf0\x9f\x87\xb72,247-#Brasil \n\xf0\x9f\x87\xaa\xf0\x9f\x87\xa81,082-#Ecuador\n\xf0\x9f\x87\xa8\xf0\x9f\x87\xb1922-\xe2\x80\xa6 https://t.co/EMCktJFmp7'"
2020-03-25 05:49:21,"b'RT @dw_espanol: #Ecuador autorizar\xc3\xa1 el regreso de determinados grupos de ecuatorianos que se encuentran varados en el extranjero, desde que\xe2\x80\xa6'"
2020-03-25 05:49:00,"b'RT @CanalRTU: As\xc3\xad crece la curva del n\xc3\xbamero de contagios de coronavirus en #Ecuador \xf0\x9f\xa6\xa0\nHasta el corte de las 17:00 de este martes, 24 de mar\xe2\x80\xa6'"
2020-03-25 05:48:55,b'RT @EcuadorPlay: \xc2\xbfQu\xc3\xa9 pas\xc3\xb3 con las donaciones para enfrentar el #CoronavirusEcuador? La @EmbajadaChinaEc \xf0\x9f\x87\xa8\xf0\x9f\x87\xb3 envi\xc3\xb3 70000 mascarillas a #Ecua\xe2\x80\xa6'
2020-03-25 05:48:19,"b'RT @EcuadorPlay: As\xc3\xad habr\xc3\xada sido el contagio del General Nelson Ortega Curipallo, quien se sumar\xc3\xada a los afectados por #Covid_19ec en #Ecua\xe2\x80\xa6'"
2020-03-25 05:47:56,b'RT @KatiuskaKing: Comparto mi opini\xc3\xb3n sobre el pago de los Bonos 2020 #Ecuador\n\n#EcuadorEnEmergencia\n#DeudaExterna\n#Deuda\n\nhttps://t.co/vsc\xe2\x80\xa6'
2020-03-25 05:47:42,b'RT @elcomerciocom: #Covid19 | \xe2\x80\x9cSe apag\xc3\xb3 la mejor voz de Imbabura\xe2\x80\x9d. Un cantante es la primera v\xc3\xadctima del coronavirus en esta provincia del\xe2\x80\xa6'
2020-03-25 05:47:37,"b'RT @Ec_Comunicador: #Ecuador | #Tungurahua registra 2 casos confirmados, seg\xc3\xban datos actualizados por #COVID19ec @Riesgos_Ec\n\n\xf0\x9f\x93\x8d 1082 CASOS\xe2\x80\xa6'"
2020-03-25 05:47:15,"b'RT @ECEEUU: ""La Revoluci\xc3\xb3n Ciudadana es Compromiso Social 5, tenemos que avanzar en el tema del voto por la 5 para obtener mayor\xc3\xada. Necesit\xe2\x80\xa6'"
2020-03-25 05:46:49,"b'RT @CompromisoRC: En #Argentina se prioriza primero al ser humano, despu\xc3\xa9s que pase la crisis mundial ante la pandemia del coronavirus se r\xe2\x80\xa6'"
2020-03-25 05:46:40,"b'RT @Luis_Fierro_Eco: Corre\xc3\xadstas en 2015: Qu\xc3\xa9 bueno que el gobierno de Correa emita bonos a 5 a\xc3\xb1os plazo con una tasa alt\xc3\xadsima de 10,5 %!\n\nC\xe2\x80\xa6'"
2020-03-25 05:46:26,b'RT @elcomerciocom: #ATENCI\xc3\x93N | Nuevos horarios de atenci\xc3\xb3n en supermercados en #Ecuador por toque de queda. Hay requisitos para poder ingre\xe2\x80\xa6'
2020-03-25 05:46:25,"b'RT @CompromisoRC: En #Argentina se prioriza primero al ser humano, despu\xc3\xa9s que pase la crisis mundial ante la pandemia del coronavirus se r\xe2\x80\xa6'"
2020-03-25 05:45:21,"b'RT @EmbajadaChinaEc: (1/4) #Donaci\xc3\xb3n| Finalmente, en Pichincha para ayudar con su lucha local, hoy nuestra Representaci\xc3\xb3n Diplom\xc3\xa1tica entre\xe2\x80\xa6'"
2020-03-25 05:45:10,b'RT @KatiuskaKing: Comparto mi opini\xc3\xb3n sobre el pago de los Bonos 2020 #Ecuador\n\n#EcuadorEnEmergencia\n#DeudaExterna\n#Deuda\n\nhttps://t.co/vsc\xe2\x80\xa6'
2020-03-25 05:45:03,"b'RT @llagostours: #LaNarizDelDiablo, el tren que se asoma al abismo. \xc2\xa1La red ferroviaria que atraviesa los Andes conocida por sus vertiginos\xe2\x80\xa6'"
2020-03-25 05:44:57,"b'RT @CompromisoRC: En #Argentina se prioriza primero al ser humano, despu\xc3\xa9s que pase la crisis mundial ante la pandemia del coronavirus se r\xe2\x80\xa6'"
2020-03-25 05:44:47,"b'RT @fjsv1974: #URGENTE  Sr :Presidente @Lenin necesitamos salvar m\xc3\xa1s vidas\nLos #m\xc3\xa9dicos  #internos ,que est\xc3\xa1n infectados necesitan la medic\xe2\x80\xa6'"
2020-03-25 05:44:40,b'RT @Carlos_Orozcocd: La pandemia m\xc3\xa1s letal de la historia del #Ecuador \xf0\x9f\x91\x87\n#CoronavirusEcuador https://t.co/LSQ8CZtVCX'
2020-03-25 05:44:38,b'RT @fjsv1974: Visitadores m\xc3\xa9dicos  del #Ecuador \xf0\x9f\x87\xaa\xf0\x9f\x87\xa8 es el momento de ayudar.\nFarmac\xc3\xa9uticas #Difare   #Roche \nNecesitamos donaciones de \xc3\xa9stos\xe2\x80\xa6'
2020-03-25 05:44:13,"b'RT @dw_espanol: #Ecuador autorizar\xc3\xa1 el regreso de determinados grupos de ecuatorianos que se encuentran varados en el extranjero, desde que\xe2\x80\xa6'"
2020-03-25 05:43:46,b'RT @CesarCoronelEc: A las 06:00 -hora de #Ecuador- un\xc3\xa1monos en oraci\xc3\xb3n al Santo Padre.'
2020-03-25 05:43:42,b'RT @ErickSa31282088: @UltimaHoracom Q mal que aquel presidente piense de esta manera de algo que esta acabando con paises y personas  de la\xe2\x80\xa6'
2020-03-25 05:43:13,b'RT @MaruMaru_ec: #Ovnis en #Guayaquil  #Ecuador  este 2020 es de locos .. https://t.co/zOa97tbsHo'
2020-03-25 05:42:56,b'RT @eluniversocom: El presidente de la Rep\xc3\xbablica tambi\xc3\xa9n anunci\xc3\xb3 que el FMI dar\xc3\xa1 un cr\xc3\xa9dito a #Ecuador y que se utilizar\xc3\xa1n fondos de obras\xe2\x80\xa6'
2020-03-25 05:42:51,b'RT @Ivaeel: Crees q en #Ecuador las autoridades @ottosonnenh @lenin @alexocles @Salud_Ec nos mienten en cuanto al CORONAVIRUS'
2020-03-25 05:42:51,b'RT @EstebanVillama9: Alguien por favor deme dici\xc3\xa9ndole a estito que a\xc3\xban me tiene bloqueado que si no se hubieran hecho fiesta los ahorros d\xe2\x80\xa6'
2020-03-25 05:42:45,b'RT @fjsv1974: Visitadores m\xc3\xa9dicos  del #Ecuador \xf0\x9f\x87\xaa\xf0\x9f\x87\xa8 es el momento de ayudar.\nFarmac\xc3\xa9uticas #Difare   #Roche \nNecesitamos donaciones de \xc3\xa9stos\xe2\x80\xa6'
2020-03-25 05:42:44,b'RT @ricardomedinao: #Mintur y su Plan de Reactivacion para el #Turismo en #Ecuador Y #Campa\xc3\xb1a prevista?\nPara su Analisis... Aplicacion: ? h\xe2\x80\xa6'
2020-03-25 05:42:29,"b'RT @nelsonesteban76: La pr\xc3\xb3xima vez que veas a gente con mandil blanco reclamando en las calles por derechos y recursos, no les juzgues, y\xe2\x80\xa6'"
2020-03-25 05:42:29,b'RT @Estacion_bcp: As\xc3\xad est\xc3\xa1 Salinas #Ecuador. Hace un mes / hoy #coronavirus via @jabrizp00 https://t.co/1yBDGa16TM'
2020-03-25 05:42:20,"b'#LaNarizDelDiablo, el tren que se asoma al abismo. \xc2\xa1La red ferroviaria que atraviesa los Andes conocida por sus ver\xe2\x80\xa6 https://t.co/6qyJsEtrcG'"
2020-03-25 05:41:21,b'RT @Estacion_bcp: As\xc3\xad est\xc3\xa1 Salinas #Ecuador. Hace un mes / hoy #coronavirus via @jabrizp00 https://t.co/1yBDGa16TM'
2020-03-25 05:41:13,"b'RT @zyrkero: Subida todo el primer volumen de""el defecto antabus"" a mi blog!!\n\nhttps://t.co/gfR8S4S0jQ\n\n#comic #Ecuador https://t.co/vdMQg4\xe2\x80\xa6'"
2020-03-25 05:41:09,b'RT @rabascallcarlos: Para cuidar la liquidez del Ecuador es necesario evitar la salida de divisas y aplicar salvaguardias a las importacion\xe2\x80\xa6'
2020-03-25 05:40:58,"b'RT @EmbajadaChinaEc: (1/4) #Donaci\xc3\xb3n| Finalmente, en Pichincha para ayudar con su lucha local, hoy nuestra Representaci\xc3\xb3n Diplom\xc3\xa1tica entre\xe2\x80\xa6'"
2020-03-25 05:40:52,b'RT @amaurichamorro: #COVID19 | Por ineptut de @ottosonnenh y @Lenin parte de la \xc3\xa9lite econ\xc3\xb3mica del #Ecuador est\xc3\xa1 contagiada. Los hospitale\xe2\x80\xa6'
2020-03-25 05:40:43,b'RT @pichinchauniver: \xf0\x9f\x93\xb0#Nacionales | #Ecuador analiza experiencia en #Espa\xc3\xb1a de suspender salarios para no despedir gente: Juan Sebasti\xc3\xa1n Ro\xe2\x80\xa6'
2020-03-25 05:40:24,b'RT @eluniversocom: As\xc3\xad ha sido el avance del #coronavirus en #Guayaquil entre el 16 y 23 de marzo - v\xc3\xada @ernescruz   #Ecuador https://t.co/\xe2\x80\xa6'
2020-03-25 05:40:13,"b'RT @eluniversocom: Se present\xc3\xb3 acci\xc3\xb3n de incumplimiento contra Len\xc3\xadn Moreno, en el retorno de compatriotas a #Ecuador \xe2\x96\xba https://t.co/w1w8bU\xe2\x80\xa6'"
2020-03-25 05:40:13,b'RT @pichinchauniver: \xf0\x9f\x93\xb0#Nacionales | #Ecuador analiza experiencia en #Espa\xc3\xb1a de suspender salarios para no despedir gente: Juan Sebasti\xc3\xa1n Ro\xe2\x80\xa6'
2020-03-25 05:40:06,b'RT @JBardellini: De las 27 victimas mortales por #Covid_19 en #Ecuador \n\n3   eran casos ambulatorios.\n11 en Unidad de Cuidados Intensivos.\xe2\x80\xa6'
2020-03-25 05:40:02,"b'RT @zyrkero: Subida todo el primer volumen de""el defecto antabus"" a mi blog!!\n\nhttps://t.co/gfR8S4S0jQ\n\n#comic #Ecuador https://t.co/vdMQg4\xe2\x80\xa6'"
2020-03-25 05:39:38,b'RT @PateticosC: Hace tres a\xc3\xb1os el traidor @Lenin Moreno criticaba la gesti\xc3\xb3n de Correa y dec\xc3\xada al pueblo de #Ecuador que se hab\xc3\xadan hecho gr\xe2\x80\xa6'
2020-03-25 05:39:06,b'RT @Estacion_bcp: As\xc3\xad est\xc3\xa1 Salinas #Ecuador. Hace un mes / hoy #coronavirus via @jabrizp00 https://t.co/1yBDGa16TM'
2020-03-25 05:38:53,b'RT @Foxlider1A: Parece un cuadro para la pared pero es real as\xc3\xad est\xc3\xa1 Salinas #Ecuador. LIBRE DE CONTAMINACION\n#MedioAmbiente \xf0\x9f\x8c\x8f https://t.co\xe2\x80\xa6'
2020-03-25 05:38:33,b'RT @elcomerciocom: #Covid19 | \xe2\x80\x9cSe apag\xc3\xb3 la mejor voz de Imbabura\xe2\x80\x9d. Un cantante es la primera v\xc3\xadctima del coronavirus en esta provincia del\xe2\x80\xa6'
2020-03-25 05:38:28,b'RT @eltiempocuenca: #Ecuador | Conoce los requerimientos que deben cumplir los docentes para que formen parte del magisterio fiscal dentro\xe2\x80\xa6'
2020-03-25 05:38:26,"b'RT @fernandosand: de manera oficial, es decir q debe haber en Italia unos 600.000 positivos con Covid-19.\n\xe2\x80\x9cLa relaci\xc3\xb3n de que haya un enfer\xe2\x80\xa6'"
2020-03-25 05:37:49,"b'RT @GorkiAguirreT: @Activista2010 @Santos_Mario7 La acci\xc3\xb3n irresponsable delictiva cometida y aceptada por ella misma, es demasiado seria c\xe2\x80\xa6'"
2020-03-25 05:37:46,"b'RT @slightlyhidden: Lo que puedo tener es por medio de quien confi\xc3\xb3 e hizo lo mismo conmigo, con la suerte de tener trabajo. Cuentan conmig\xe2\x80\xa6'"
2020-03-25 05:37:22,b'RT @flisolguayaquil: #HackingCOVID19EC \n\nCon el poder de la impresi\xc3\xb3n 3D y el apoyo de makers ecuatorianos se lograron fabricar 1000 protec\xe2\x80\xa6'
2020-03-25 05:37:20,b'RT @fjsv1974: Visitadores m\xc3\xa9dicos  del #Ecuador \xf0\x9f\x87\xaa\xf0\x9f\x87\xa8 es el momento de ayudar.\nFarmac\xc3\xa9uticas #Difare   #Roche \nNecesitamos donaciones de \xc3\xa9stos\xe2\x80\xa6'
2020-03-25 05:37:20,"b'RT @EmbajadaChinaEc: (1/4) #Donaci\xc3\xb3n| Finalmente, en Pichincha para ayudar con su lucha local, hoy nuestra Representaci\xc3\xb3n Diplom\xc3\xa1tica entre\xe2\x80\xa6'"
2020-03-25 05:37:05,"b'Subida todo el primer volumen de""el defecto antabus"" a mi blog!!\n\nhttps://t.co/gfR8S4S0jQ\n\n#comic #Ecuador https://t.co/vdMQg4Z13L'"
2020-03-25 05:36:56,b'RT @irabeseguias: Lenin Moreno vuelvo y te repito NO VAS AL CIELO \nTE SALE SOTANO Y PAILA \nAPUNTALO !\n\n#Ecuador #coronavirus https://t.co/d\xe2\x80\xa6'
2020-03-25 05:36:55,"b'RT @CompromisoRC: En #Argentina se prioriza primero al ser humano, despu\xc3\xa9s que pase la crisis mundial ante la pandemia del coronavirus se r\xe2\x80\xa6'"
2020-03-25 05:36:53,b'RT @CesarCoronelEc: A las 06:00 -hora de #Ecuador- un\xc3\xa1monos en oraci\xc3\xb3n al Santo Padre.'
2020-03-25 05:36:50,"b'RT @fjsv1974: #URGENTE  Sr :Presidente @Lenin necesitamos salvar m\xc3\xa1s vidas\nLos #m\xc3\xa9dicos  #internos ,que est\xc3\xa1n infectados necesitan la medic\xe2\x80\xa6'"
2020-03-25 05:36:49,b'\xc2\xbfConoces el nuevo desaf\xc3\xado de los pilotos de MotoGP\xe2\x84\xa2?:\nhttps://t.co/NYPbVN9UVn\n\n#AutoMagazineEc #MotoGP #Ecuador\xe2\x80\xa6 https://t.co/ACIGyRxwHe'
2020-03-25 05:36:44,"b'RT @CompromisoRC: En #Argentina se prioriza primero al ser humano, despu\xc3\xa9s que pase la crisis mundial ante la pandemia del coronavirus se r\xe2\x80\xa6'"
2020-03-25 05:36:43,"b'RT @FiscaliaEcuador: #AHORA | La fiscal general del Estado, @DianaSalazarM2, en entrevista con @teleamazonasec, habla sobre las acciones de\xe2\x80\xa6'"
2020-03-25 05:36:37,"b'RT @eluniversocom: Actualizaci\xc3\xb3n: en #Ecuador, tras 24 d\xc3\xadas de detectarse el primer caso de #coronavirus, ya se alcanz\xc3\xb3 1000 contagiados. M\xe2\x80\xa6'"
2020-03-25 05:36:36,"b'RT @GorkiAguirreT: Que bien, al fin se hace algo justo y correcto, felicitaciiones a la @AsambleaEcuador y por supuesto a la Plataforma Ciu\xe2\x80\xa6'"
2020-03-25 05:36:35,b'RT @eltiempocuenca: Los vuelos humanitarios para repatriar extranjeros de #Ecuador a pa\xc3\xadses de #Europa se desarrollan bajo las restriccione\xe2\x80\xa6'
2020-03-25 05:36:32,"b'RT @fjsv1974: #URGENTE  Sr :Presidente @Lenin necesitamos salvar m\xc3\xa1s vidas\nLos #m\xc3\xa9dicos  #internos ,que est\xc3\xa1n infectados necesitan la medic\xe2\x80\xa6'"
2020-03-25 05:36:26,b'RT @mariuxi_news: Tantas personas diciendo que se est\xc3\xa1 ocultando el n\xc3\xbamero real de fallecidos en #Ecuador generando m\xc3\xa1s temor.\n\nCU\xc3\x81L ES LA\xe2\x80\xa6'
2020-03-25 05:36:24,b'RT @pichinchauniver: \xf0\x9f\x93\xb0#Nacionales | #Ecuador analiza experiencia en #Espa\xc3\xb1a de suspender salarios para no despedir gente: Juan Sebasti\xc3\xa1n Ro\xe2\x80\xa6'
2020-03-25 05:36:00,"b'RT @ReporteACI: \xf0\x9f\x94\xb4#ATENCI\xc3\x93N\n\nMujeres embarazadas, adultos mayores, personas con capacidad especial y menores de edad, podr\xc3\xa1n retornar a #Ecu\xe2\x80\xa6'"
2020-03-25 05:35:52,b'RT @Carlos_Orozcocd: La pandemia m\xc3\xa1s letal de la historia del #Ecuador \xf0\x9f\x91\x87\n#CoronavirusEcuador https://t.co/LSQ8CZtVCX'
2020-03-25 05:35:51,"b'RT @eluniversocom: #Ecuador recibir\xc3\xa1 mascarillas donadas por Jack Ma, el millonario due\xc3\xb1o de Alibaba \xe2\x96\xba https://t.co/qtaOOAQALE #coronavirus\xe2\x80\xa6'"
2020-03-25 05:35:42,"b'RT @dw_espanol: #Ecuador autorizar\xc3\xa1 el regreso de determinados grupos de ecuatorianos que se encuentran varados en el extranjero, desde que\xe2\x80\xa6'"
2020-03-25 05:35:42,b'RT @Carlos_Orozcocd: La pandemia m\xc3\xa1s letal de la historia del #Ecuador \xf0\x9f\x91\x87\n#CoronavirusEcuador https://t.co/LSQ8CZtVCX'
2020-03-25 05:35:38,b'RT @EmbajadaChinaEc: (1/1) #Donaci\xc3\xb3n| Ayer realizamos la primera donaci\xc3\xb3n que ha representado un s\xc3\xadmbolo de gratitud a #Ecuador por su ayud\xe2\x80\xa6'
2020-03-25 05:35:20,"b'RT @Ec_Comunicador: #Ecuador | #Tungurahua registra 2 casos confirmados, seg\xc3\xban datos actualizados por #COVID19ec @Riesgos_Ec\n\n\xf0\x9f\x93\x8d 1082 CASOS\xe2\x80\xa6'"
2020-03-25 05:35:02,b'A todos nuestros clientes y amigos.\nEstamos trabajando en este per\xc3\xadodo complicado para todos.\nNuestros n\xc3\xbameros de c\xe2\x80\xa6 https://t.co/VkRBlLlsPw'
2020-03-25 05:35:02,b'RT @EcVanguardia: P\xc3\xa1ginas web para todos. Desde 110usd incluye impuestos. Mira nuestros diferentes planes. #Ecuador #Quito #QuedateEnCasa V\xe2\x80\xa6'
2020-03-25 05:34:38,b'P\xc3\xa1ginas web para todos. Desde 110usd incluye impuestos. Mira nuestros diferentes planes. #Ecuador #Quito\xe2\x80\xa6 https://t.co/aOfgFvM2ua'
2020-03-25 05:34:06,b'RT @pichinchauniver: \xf0\x9f\x93\xb0#Nacionales | #Ecuador analiza experiencia en #Espa\xc3\xb1a de suspender salarios para no despedir gente: Juan Sebasti\xc3\xa1n Ro\xe2\x80\xa6'
2020-03-25 05:34:03,b'RT @EmbajadaChinaEc: (1/1) #Donaci\xc3\xb3n| Ayer realizamos la primera donaci\xc3\xb3n que ha representado un s\xc3\xadmbolo de gratitud a #Ecuador por su ayud\xe2\x80\xa6'
2020-03-25 05:33:49,b'RT @CesarCoronelEc: A las 06:00 -hora de #Ecuador- un\xc3\xa1monos en oraci\xc3\xb3n al Santo Padre.'
2020-03-25 05:33:27,"b'Con este comunicado Sof\xc3\xada Almeida, vicepresidenta del Consejo de Participaci\xc3\xb3n Ciudadana y Control Social, revel\xc3\xb3 q\xe2\x80\xa6 https://t.co/aEaIYbVn57'"
2020-03-25 05:33:15,b'RT @VicenteTorresV6: Hay quienes no creen en la cifra de muertes dadas por el Gobierno de #Ecuador Tenemos la tecnolog\xc3\xada para saber la verd\xe2\x80\xa6'
2020-03-25 05:33:10,b'RT @elcomerciocom: #Covid19 | \xe2\x80\x9cSe apag\xc3\xb3 la mejor voz de Imbabura\xe2\x80\x9d. Un cantante es la primera v\xc3\xadctima del coronavirus en esta provincia del\xe2\x80\xa6'
2020-03-25 05:33:09,"b'Visita nuestro sitio web, conoce los servicios web para ti. Desde 110usd. Comun\xc3\xadcate con nosotros 0994193833 #Web\xe2\x80\xa6 https://t.co/M9yUnZYRnc'"
2020-03-25 05:33:07,b'Esos que aplauden las agresiones de los militares a los ecuatorianos que no acatan el #ToqueDeQueda son los mismos\xe2\x80\xa6 https://t.co/v9pIQPdbLO'
2020-03-25 05:33:07,b'RT @eltiempocuenca: #Ecuador | Conoce los requerimientos que deben cumplir los docentes para que formen parte del magisterio fiscal dentro\xe2\x80\xa6'
2020-03-25 05:33:04,b'RT @elcomerciocom: #Covid19 | \xe2\x80\x9cSe apag\xc3\xb3 la mejor voz de Imbabura\xe2\x80\x9d. Un cantante es la primera v\xc3\xadctima del coronavirus en esta provincia del\xe2\x80\xa6'
2020-03-25 05:32:45,"b'RT @ECEEUU: ""La Revoluci\xc3\xb3n Ciudadana es Compromiso Social 5, tenemos que avanzar en el tema del voto por la 5 para obtener mayor\xc3\xada. Necesit\xe2\x80\xa6'"
2020-03-25 05:32:37,b'RT @amaurichamorro: #COVID19 | Por ineptut de @ottosonnenh y @Lenin parte de la \xc3\xa9lite econ\xc3\xb3mica del #Ecuador est\xc3\xa1 contagiada. Los hospitale\xe2\x80\xa6'
2020-03-25 05:32:34,b'RT @Foxlider1A: Parece un cuadro para la pared pero es real as\xc3\xad est\xc3\xa1 Salinas #Ecuador. LIBRE DE CONTAMINACION\n#MedioAmbiente \xf0\x9f\x8c\x8f https://t.co\xe2\x80\xa6'
2020-03-25 05:31:53,"b'RT @EcuavisaInforma: AHORA | ""No puede ser que existan m\xc3\xa1s detenidos que contagiados"", exclama el vicepresidente Otto Sonnenholzner exhorta\xe2\x80\xa6'"
2020-03-25 05:31:47,b'RT @ElPitazoTV: #Migracion | Venezolanos que viven al d\xc3\xada en #Colombia #Peru y #Ecuador no saben c\xc3\xb3mo sobrevivir\xc3\xa1n sin trabajar por el coro\xe2\x80\xa6'
2020-03-25 05:31:47,"b'RT @PaulOrtizEc: Sr. Vicepresidente @ottosonnenh, usted est\xc3\xa1 al frente de la operatividad del COE Nacional, reciba \xc3\xa9sta preocupaci\xc3\xb3n de #Za\xe2\x80\xa6'"
2020-03-25 05:31:22,b'@Maribel68652324 @Marisol_Bowen @IcazaMirelli @DEFENSORIAEC @MashiRafael Es en todo el #Ecuador'
2020-03-25 05:31:19,b'RT @eltiempocuenca: Los vuelos humanitarios para repatriar extranjeros de #Ecuador a pa\xc3\xadses de #Europa se desarrollan bajo las restriccione\xe2\x80\xa6'
2020-03-25 05:31:11,"b'RT @EmbajadaChinaEc: (1/2) #Donaci\xc3\xb3n| Como muestra de gratitud a #Ecuador por la ayuda que #China recibi\xc3\xb3 en su momento, nuestra Embajada r\xe2\x80\xa6'"
2020-03-25 05:31:03,b'RT @Marisol_Bowen: Agradecemos a los abogados de @JuridicaPopular y los investigadores de @CDESecuador que demandan a Moreno y Mart\xc3\xadnez por\xe2\x80\xa6'
2020-03-25 05:30:39,"b'RT @UNSIONTV: Con este comunicado Sof\xc3\xada Almeida, vicepresidenta del Consejo de Participaci\xc3\xb3n Ciudadana y Control Social, revel\xc3\xb3 que padece\xe2\x80\xa6'"
2020-03-25 05:30:37,b'RT @Estacion_bcp: As\xc3\xad est\xc3\xa1 Salinas #Ecuador. Hace un mes / hoy #coronavirus via @jabrizp00 https://t.co/1yBDGa16TM'
2020-03-25 05:30:32,"b'RT @eluniversocom: Actualizaci\xc3\xb3n: en #Ecuador, tras 24 d\xc3\xadas de detectarse el primer caso de #coronavirus, ya se alcanz\xc3\xb3 1000 contagiados. M\xe2\x80\xa6'"
2020-03-25 05:30:27,b'#yomequedoencasaconkanyGarcia \n#ARIESGATEAINTENTARLO \n#QuedateEnCasa \n@kanygarcia la mejor forma de pasar la cuaren\xe2\x80\xa6 https://t.co/2T6VyhUEGD'
2020-03-25 05:30:25,b'RT @EmbajadaChinaEc: (1/1) #Donaci\xc3\xb3n| Ayer realizamos la primera donaci\xc3\xb3n que ha representado un s\xc3\xadmbolo de gratitud a #Ecuador por su ayud\xe2\x80\xa6'
2020-03-25 05:30:23,b'A las 06:00 -hora de #Ecuador- un\xc3\xa1monos en oraci\xc3\xb3n al Santo Padre. https://t.co/ZX7mctuFzL'
2020-03-25 05:30:00,b'Los vuelos humanitarios para repatriar extranjeros de #Ecuador a pa\xc3\xadses de #Europa se desarrollan bajo las restricc\xe2\x80\xa6 https://t.co/OlcIZZDgnY'
2020-03-25 05:29:53,b'RT @Globalines: #Ecuador la asamblea ya tiene sesiones virtuales.\n\n@congresoperu \n\nhttps://t.co/VTS0ERvF0S'
2020-03-25 05:29:29,b'RT @Carlos_Orozcocd: La pandemia m\xc3\xa1s letal de la historia del #Ecuador \xf0\x9f\x91\x87\n#CoronavirusEcuador https://t.co/LSQ8CZtVCX'
2020-03-25 05:29:17,b'RT @gav_rx: #IMPORTANTE\n\nSeguimos atendiendo seg\xc3\xban lo dispuesto por el COE.\n\nNuevo horario:\nLunes a S\xc3\xa1bado 8h00 a 13h00.\n\nRealizamos consul\xe2\x80\xa6'
2020-03-25 05:28:48,"b'RT @BaironValleP: -Instaurar y regular adecuadamente el #TeleTrabajo, sin que se conculquen derechos de los trabajadores.\n@Lenin, #Ecuador\xe2\x80\xa6'"
