2020-03-26 03:28:41 RT @ricaurte202ec: @VillaFernando_ @ArenaDelMar5 @Lenin Unos se han de preguntar porque hablo de #Corrupcion en mis @TwitterLatAm, xq graci…,
2020-03-26 03:28:39 RT @fichirilos: Qué tipo de control están realizando las autoridades de #Ecuador,,
¡Esto es terrible!,,
Al parecer se trata de personas q viaja…,,
2020-03-26 03:28:34 RT @gracemargatita: Durante años el #Ecuador ha cargado un fuerte pasado de violencia. ,,
,,
Estos hechos deben ser investigados por la @Fiscal…,,
2020-03-26 03:28:30 RT @CoronavirusEcu4: Señor presidente @Lenin háganos saber su opinión sobre cuál será la muerte de quienes viven del día a día en #Ecuador…,,
2020-03-26 03:28:18 RT @EstebanVillama9: Un estudio de abogados en #Florida #EEUU ha presentado una demanda contra el gobierno de #China pidiendo reparaciones…,,
"2020-03-26 03:28:17 RT @fmilhojas: ""Hermano ecuatoriano de cualquier rincón de este país", mi mensaje para ti es que sepas q lo que pasa en Guayaquil, nos pasa…
2020-03-26 03:28:17 RT @EcuavisaInforma: #Coronavirus | 29 muertos y 1.211 casos confirmados con #COVID19 en #Ecuador. Así lo reportó esta tarde el Servicio Na…,,
"2020-03-26 03:28:14 RT @fmilhojas: ""Hermano ecuatoriano de cualquier rincón de este país", mi mensaje para ti es que sepas q lo que pasa en Guayaquil, nos pasa…
2020-03-26 03:28:05 RT @EmbajadaChinaEc: (1/1) #Donación| Hoy entregamos 70000 mascarillas quirúrgicas, 2500 mascarillas N95, 5180 trajes de protección y 140 t…
2020-03-26 03:27:48 RT @yakuperezg: Que tristeza #fuerzasarmadas de #ecuador____, #colonialismo puro. #FiscaliaEcuador cuando inicia el proceso penal está inflag…,
2020-03-26 03:27:43 RT @slightlyhidden: Lo que puedo tener es por medio de quien confió e hizo lo mismo conmigo, con la suerte de tener trabajo. Cuentan conmig…,
2020-03-26 03:27:42 RT @ricaurte202ec: @VillaFernando_ @ArenaDelMar5 @Lenin Unos se han de preguntar porque hablo de #Corrupcion en mis @TwitterLatAm, xq graci…,
2020-03-26 03:27:42 El Derecho. Buen tuit.,,
No se puede tomar a la ligera. Hay un ordenamiento jurídico. #Ecuador #Cuenca #coronavirus https://t.co/gm06hlcO16,,
2020-03-26 03:27:30 RT @elcomerciocom: #ATENCIÓN | #Ecuador registra 1 211 casos confirmados de #covid19, según los datos entregados por el COE Nacional a las…,
2020-03-26 03:27:30 RT @elcomerciocom: Otro de los efectos en el medio ambiente por el impacto del #covid19 se evidencia en Salinas, uno de los destinos turíst…,